Q [amu^1/2 A], U(Q) [eV]
7.920552514527572, -0.29716381E+03
6.864475417740161, -0.29735782E+03
6.336403846916395, -0.29742054E+03
5.808400565667738, -0.29745925E+03
5.544366732315238, -0.29746937E+03
5.280313011470615, -0.29747316E+03
5.016332872207524, -0.29747057E+03
4.752317406900452, -0.29746146E+03
4.224289271919779, -0.29742340E+03
3.696221520897, -0.29735842E+03
2.6402130749835666, -0.29716569E+03